GROUP,PACKAGE,CLASS,INSTRUCTION_MISSED,INSTRUCTION_COVERED,BRANCH_MISSED,BRANCH_COVERED,LINE_MISSED,LINE_COVERED,COMPLEXITY_MISSED,COMPLEXITY_COVERED,METHOD_MISSED,METHOD_COVERED
lexer,tokenizer.tokens,WhileToken,0,10,0,0,0,4,0,4,0,4
lexer,tokenizer.tokens,LCurlyToken,0,10,0,0,0,4,0,4,0,4
lexer,tokenizer.tokens,ClassKeywordToken,0,10,0,0,0,4,0,4,0,4
lexer,tokenizer.tokens,GreaterThanToken,0,10,0,0,0,4,0,4,0,4
lexer,tokenizer.tokens,BoolKeywordToken,0,10,0,0,0,4,0,4,0,4
lexer,tokenizer.tokens,LeftParenToken,0,10,0,0,0,4,0,4,0,4
lexer,tokenizer.tokens,PlusToken,0,10,0,0,0,4,0,4,0,4
lexer,tokenizer.tokens,ClogToken,0,10,0,0,0,4,0,4,0,4
lexer,tokenizer.tokens,ColonToken,0,10,0,0,0,4,0,4,0,4
lexer,tokenizer.tokens,RBracketToken,0,10,0,0,0,4,0,4,0,4
lexer,tokenizer.tokens,LessThanToken,0,10,0,0,0,4,0,4,0,4
lexer,tokenizer.tokens,CloglnToken,0,10,0,0,0,4,0,4,0,4
lexer,tokenizer.tokens,IntegerToken,0,38,0,4,0,9,0,6,0,4
lexer,tokenizer.tokens,LengthToken,0,10,0,0,0,4,0,4,0,4
lexer,tokenizer.tokens,EqualEqualToken,0,10,0,0,0,4,0,4,0,4
lexer,tokenizer.tokens,NewToken,0,10,0,0,0,4,0,4,0,4
lexer,tokenizer.tokens,ConstructorKeywordToken,0,10,0,0,0,4,0,4,0,4
lexer,tokenizer.tokens,RCurlyToken,0,10,0,0,0,4,0,4,0,4
lexer,tokenizer.tokens,ModulusToken,0,10,0,0,0,4,0,4,0,4
lexer,tokenizer.tokens,DivisionToken,0,10,0,0,0,4,0,4,0,4
lexer,tokenizer.tokens,CommaToken,0,10,0,0,0,4,0,4,0,4
lexer,tokenizer.tokens,IfToken,0,10,0,0,0,4,0,4,0,4
lexer,tokenizer.tokens,VoidToken,0,10,0,0,0,4,0,4,0,4
lexer,tokenizer.tokens,GreaterThanOrEqualToken,0,10,0,0,0,4,0,4,0,4
lexer,tokenizer.tokens,IdentifierToken,0,36,0,2,0,9,0,5,0,4
lexer,tokenizer.tokens,MultiplicationToken,0,10,0,0,0,4,0,4,0,4
lexer,tokenizer.tokens,MinusToken,0,10,0,0,0,4,0,4,0,4
lexer,tokenizer.tokens,LessThanOrEqualToken,0,10,0,0,0,4,0,4,0,4
lexer,tokenizer.tokens,ElseToken,0,10,0,0,0,4,0,4,0,4
lexer,tokenizer.tokens,ThisToken,0,10,0,0,0,4,0,4,0,4
lexer,tokenizer.tokens,BoolValueToken,0,23,0,0,0,6,0,4,0,4
lexer,tokenizer.tokens,IntKeywordToken,0,10,0,0,0,4,0,4,0,4
lexer,tokenizer.tokens,DotOperatorToken,0,10,0,0,0,4,0,4,0,4
lexer,tokenizer.tokens,ReturnToken,0,10,0,0,0,4,0,4,0,4
lexer,tokenizer.tokens,ForToken,0,10,0,0,0,4,0,4,0,4
lexer,tokenizer.tokens,LBracketToken,0,10,0,0,0,4,0,4,0,4
lexer,tokenizer.tokens,EqualToken,0,10,0,0,0,4,0,4,0,4
lexer,tokenizer.tokens,SemicolonToken,0,10,0,0,0,4,0,4,0,4
lexer,tokenizer.tokens,StringKeywordToken,0,10,0,0,0,4,0,4,0,4
lexer,tokenizer.tokens,StringLiteralToken,0,36,0,2,0,9,0,5,0,4
lexer,tokenizer.tokens,RightParenToken,0,10,0,0,0,4,0,4,0,4
lexer,tokenizer,TokenizerException,0,3,0,0,0,1,0,1,0,1
lexer,tokenizer,Tokenizer,0,806,5,109,0,151,5,59,0,7
